,Ticker,2018,2019,2020,2021,2022,2023
0,A,-7.507362956733453,12.89531168331417,44.44722586835665,33.615135070100166,8.102480030617606,-8.072263257718355
1,AAL,-40.31595258362359,-18.824574540946372,-41.02727951818246,4.601042543205557,-22.768665468522784,-14.869886674652163
2,AAPL,-4.3730641528071175,79.08077737618324,72.96492026319176,35.39301860833331,-25.22939194667211,34.17848887798558
3,ABBV,-14.645372654077256,16.507090869844347,39.57263119420871,38.460647781579496,22.65793566553063,9.123840518171349
4,ABNB,,,,-9.333986240749,-44.46970233023321,22.52722404986195
5,ABT,18.493564307719794,20.992897528168903,27.629277263266765,15.63672267189855,-12.417772755850825,1.5576205877620022
6,ACGL,-11.853972433128543,46.132875067106504,-18.31974678564675,41.51544405881848,35.53540412978865,15.4156929357733
7,ACN,-10.669273419096154,38.86439889619595,29.332507764019343,73.47639444759707,-23.502347268751123,27.749581101222915
8,ADBE,13.255912952791938,33.08449189379164,42.427514454001845,23.604422943562405,-37.01478449037585,61.09520480785767
9,ADI,-4.690141751718971,22.105392501500102,36.775919383754044,20.829653397614766,1.4788712184553419,17.450487451458663
10,ADM,-1.7588787778230899,6.85284687330366,16.435083329827204,38.42393070305953,26.14981432833277,-10.812550544792375
11,ADP,7.690103355364092,23.75538861375284,4.743680632227322,51.495015763583055,17.491859122183627,4.879918273990015
12,ADSK,11.235078321388071,24.633159318865058,55.11302355628296,1.3553003874455412,-25.189158837468266,13.162293913093553
13,AEE,17.946066551198705,12.90358921662598,-3.0569894121534844,24.887246285602277,2.158798847533454,-14.776649521733567
14,AEP,12.723542923222512,23.294085295184562,-17.487468953770193,13.909317752872466,8.634303702763017,-10.0382540663911
15,AES,30.24160979177824,25.419561212350978,22.393166349990686,2.079605258011965,33.3191328059581,-27.471328951792472
16,AFL,5.697099348193733,13.232280627233283,-11.371609106141763,32.434339538819835,17.496729318125794,14.872072052548567
17,AIG,-37.24295104349344,21.014122013335417,-22.078811054537066,54.73558479849986,11.447788506732763,9.233712295761364
18,AIZ,0.1130895180218029,38.982068709822784,6.517393017454463,17.100433858885115,-16.543876964802234,29.705862680394908
19,AJG,9.799086255974238,29.39965191962867,22.194736483144155,48.57409900911965,20.47923511386928,16.090184579453055
20,AKAM,-8.822206629612642,32.688170934068786,12.469201478214625,5.412953438085707,-26.4076815312977,33.05227940927985
21,ALB,-30.22722599551761,-8.184186919820718,86.35793609421569,44.65003145015508,-1.2738293386050517,-48.367124531828246
22,ALGN,-20.064888291686543,12.086769216926536,107.84908292365276,25.08660142526115,-57.39049669924173,1.5830604084646365
23,ALL,-14.680091967047995,30.542881863935,-5.248265173578372,12.68343861718368,15.412092849475897,12.27297065261357
24,ALLE,-6.745290803597142,46.25865026555271,-9.171839646585871,24.78831853121287,-13.195284281385533,9.111996656690208
25,AMAT,-37.96779175493047,59.05469820704192,50.82637070842932,63.92080504487188,-28.87324838779744,46.714676378192856
26,AMCR,-17.478476098879742,18.128017382171677,16.096419987653064,14.232535746878487,3.20206432764177,-16.0138933928698
27,AMD,34.35225176113942,87.87382587883765,95.12765762653757,68.02895250122806,-43.30853685508411,96.15435884102646
28,AME,-10.790006946334048,37.493215084132956,25.250042347915304,30.429550007006668,2.6950113691516266,14.360725932606147
29,AMGN,7.707770792247201,32.7567305543197,9.361310483181315,-3.934960578133179,19.28133664236345,18.06764400847145
30,AMP,-36.5382360673451,35.17221398503673,20.66289464983539,55.09273522405418,4.061299381958994,10.264989738335101
31,AMT,8.865260749445946,34.73098312226588,-1.8560917549999543,30.542813053090196,-14.18527765301203,-0.8531887425986989
32,AMZN,3.5205987703912465,7.51193928125407,62.13957289336114,3.9966301405015536,-43.840319903730176,47.328620661211744
33,ANET,-23.609603598998458,-5.2984472238992515,30.102091917569467,86.9553923021006,-2.3811432246850903,86.88303505822515
34,ANSS,-11.574384263236917,56.62305695320756,32.614007071784116,13.192426177205022,-28.946210582322873,36.23668149848237
35,AON,3.62633885832581,34.60908297144634,-3.192886116222999,49.15817054584824,9.391217340721091,-7.989040112611595
36,AOS,-35.16760025150804,1.3959441671501562,31.08167641576065,60.80360272042336,-23.692408705808752,24.01494139400777
37,APA,-40.14343091298388,-19.122249529991624,-47.501490686584056,89.55722949550045,42.86320806547268,-17.06216699364988
38,APD,-2.962752736010549,45.336955935690796,16.385676998235926,15.934196964590742,11.486223912276307,-12.991625371326219
39,APH,-12.055092928667904,24.029673974470548,32.5466665048049,40.96477634266644,-3.511540600667408,25.23781118365348
40,APTV,-34.804718882692995,21.29554787969942,54.05279430126163,23.465560937501785,-31.81285985878303,-20.6649534653468
41,ARE,-9.12614849821939,25.219290885901348,11.450467355426243,35.90169404693196,-23.551536997921858,-18.43999810039153
42,ATO,14.376671411512795,16.945112785269366,-16.58384964713443,20.893670126066173,7.12552258621339,1.22758540818994
43,AVB,4.851436007905938,11.14382086722972,-23.62592139101228,57.957013382855436,-32.337507359867615,8.585241676668604
44,AVGO,6.208498770660535,21.1041148039203,48.76836909062863,51.12405812430355,-2.3115785570163974,94.25819440875709
45,AVY,-25.760672139774847,27.176812173446653,19.977981604907114,45.38696846758803,-10.802033523515227,8.145216002796033
46,AWK,11.454116159715353,30.735209104072155,14.439335394848197,20.47450252906898,-3.564073993120277,-13.976085060149446
47,AXON,65.3439210648859,43.65810858763091,59.523503025535284,-4.3616005740635915,18.580719903446415,32.17866524009795
48,AXP,-2.70836911597991,22.994736004161055,-5.237159211189638,42.35954512308281,-16.76880640157153,8.678189051029293
49,AZO,9.523937105657465,40.594096919364866,12.049603498773712,87.45047718831695,24.15636529072105,6.017590417166774
50,BA,-7.207293665159639,-13.576629185810447,-32.34247623412956,3.6716642428406505,-4.869156878010998,22.375588573760268
51,BAC,-22.020113547559465,25.83657441516573,-5.787073184971518,52.20665882962402,-26.97402666851374,-2.1466697738297196
52,BALL,21.27032534092891,24.74112711324042,30.08424341033097,10.225008623254755,-46.69117736079681,0.23247170830876301
53,BAX,-7.667948425328803,16.27223347345663,-9.334814597854505,12.870090787420338,-39.60987751243941,-12.881202714599244
54,BBWI,-45.075224367344596,-31.010373772591578,62.56103275608639,113.23418720688268,-23.321961442272773,-4.122001390782161
55,BBY,-26.173019434797606,51.528505906679676,20.338655879136773,-4.872907298588406,-16.47372512046966,-8.47324952483083
56,BDX,-6.35923680056199,10.04299665872371,-8.160273071179393,-2.9657140556403823,3.598511201990891,-2.266063434447871
57,BEN,-22.371843207805938,-10.067571471854784,3.010563485229383,30.882663404409815,-14.584947310880192,-1.1065299400490718
58,BF.B,,,,,,
59,BG,-30.73749312573338,8.456949753013593,30.53830180078551,46.18378072802782,3.197070110175066,4.49464582892924
60,BIIB,-13.48149405134913,-11.100122214772691,-8.923193211283456,-15.105618837038435,22.530979392802823,-11.04503456753108
61,BIO,-10.176767757251334,48.08900868860027,61.51501184572744,31.68516680977737,-29.886781730384847,-30.926705910517153
62,BK,-15.311900874677754,-1.4364663341492558,-2.1126696102025435,49.76197575545708,-20.750595580023806,6.680390436443928
63,BKNG,-9.917627679204042,12.053617931609564,21.67217285083769,23.39623596280526,-17.948963391578072,45.73024232317634
64,BKR,-31.529512979646046,12.210634663450437,0.4023733233399705,23.530815554713172,10.447331146308102,10.322514152875112
65,BLDR,-49.06629407771813,92.20876954734737,64.55646221273061,124.0784289790135,-4.574203129970707,109.46048787155966
66,BLK,-28.8605802788068,23.94748969519473,39.61520333616812,32.52225437358498,-12.044160748174617,9.280639560163435
67,BMY,-14.732407928956903,34.49110990258799,1.5770755635572757,3.88469049434837,14.323701062734381,-26.85651052035556
68,BR,0.8434607929416585,24.093447214985673,30.425997682010546,30.84426154106633,-14.613571192783878,38.790680964167635
69,BRK.B,,,,,,
70,BRO,6.196747129078856,46.80198418214675,6.450865669988334,64.2843063080299,-13.460009298748973,22.317485337693952
71,BSX,26.39485446984029,18.532108550581082,-14.138997659341058,19.864563172476313,7.855475086293073,24.994597563872468
72,BWA,-37.18976155673941,8.250812580555051,15.185671669356035,9.161987257077806,-6.435858936311199,-12.654404520698181
73,BX,-12.303677193765843,73.66413206137827,9.71468335896614,99.76955769430114,-41.178383503744385,41.28830538998115
74,BXP,-7.094245945531218,6.84824319802423,-31.795387840238227,29.61166168078966,-37.799336496840745,-0.758766195122122
75,C,-32.19500575007758,27.46089794331304,-13.79092711126049,7.318638822596084,-27.7515167885304,3.0561868040995948
76,CAG,-42.48672246038819,63.366983115561105,13.057359454849463,2.12969536809208,15.45685604824496,-19.68979474480588
77,CAH,-36.253761080667694,4.357525703246444,7.751930694436608,-1.6459040080387715,52.860664897981145,32.82094177825798
78,CARR,,,,41.95615115723828,-12.434902880013087,27.74175676411716
79,CAT,-20.191712073665045,14.04770420358811,42.75085597983452,15.433639774163224,21.646784219592835,19.593682112007762
80,CB,-15.920031029432433,18.782869443900836,3.3335781610233886,34.53215644994353,13.20202730164354,0.6559677711046592
81,CBOE,-25.557441250977764,30.22635696236818,-23.233046336228696,44.386784811886976,7.6356653945238415,47.408270469887555
82,CBRE,-12.365939770194748,33.96721511590676,2.7354660188575393,77.94359290060937,-24.057625946748118,8.864453294696531
83,CCI,-0.8113410935618159,24.575938976685105,8.640392088508955,34.0205675573747,-23.71364144515811,-18.900443831762065
84,CCL,-29.005138864630037,-8.071017082901005,-49.66046313119698,7.766474327874148,-59.3134748263191,71.34936634421545
85,CDAY,,64.71729862035885,45.395000992581195,12.431379794545858,-15.391714871956077,-7.1388988929989
86,CDNS,-3.076239521487647,44.40974885106367,89.19704828874512,42.917406991191235,5.586959401932493,48.97445298330897
87,CDW,9.61463279909356,73.4695295657418,2.329097413416093,57.024146898204975,-4.406452180965645,17.37550359296751
88,CE,-15.16159924900149,31.395911293223882,28.773619212120906,40.15037700749273,-32.83842946576648,29.19879651149969
89,CEG,,,,,,38.60562846649637
90,CF,5.379758840722416,12.366833635892787,-0.16230132491585553,75.10586299322935,25.680716161473306,-4.182879791583484
91,CFG,-33.63229753703228,24.315904105071372,1.5988193664869854,34.459226048977435,-20.470698991491272,-19.121269870234187
92,CHD,36.83328420830837,10.293897894217286,18.91573352658417,22.840112581323552,-20.528478808353714,18.35115210886209
93,CHRW,-6.680694873301836,-8.256412817854939,32.40011218486797,27.898835771088336,-11.164019444111945,-11.431437779687686
94,CHTR,-24.461232280794402,46.527716193611155,27.845622792465026,7.309561742541863,-42.84895831136693,1.1371015963541853
95,CI,-8.824491545934197,2.3672293787624974,8.235060049045732,7.162090225231946,45.64956125525763,-4.160166682220508
96,CINF,2.876983365646708,31.83507719574754,-14.629737472861365,37.72185226533638,-11.516481339817497,-6.579372069342209
97,CL,-17.87439477892809,9.13477416263728,18.653979732601083,11.909907450126795,-2.125879539980406,9.714787354236357
98,CLX,11.855283443415734,6.1986314922681105,31.236584672153743,-14.685725935136945,-13.786153186122242,1.8247251560823348
99,CMA,-26.92416120296087,-6.287937295935844,-3.6409331355020313,56.44155742062179,-26.108697098021455,-20.014080495438385
100,CMCSA,-18.25542535797838,24.805838568051968,24.04433049035904,3.3605526277282487,-28.19292004324334,14.709416003195273
101,CME,24.079867500920134,11.38123274813337,-15.010194656667487,27.353660331714124,-25.655450666634337,21.31961940423275
102,CMG,32.956643540114136,58.06159409850953,59.98776423850835,18.125,-6.602806225308387,38.908390174495786
103,CMI,-26.773936077408678,25.398195894219732,45.9956446663077,-4.749313025553668,12.670751450183799,-1.2360978154190718
104,CMS,14.421690564882535,23.82949287616753,-8.562484123957613,17.68053967333183,1.2209975006792013,-5.001202334733769
105,CNC,7.515857281372916,-3.699172236741788,-4.426050840967333,36.65008717816971,5.4655348292741515,-2.6626427546918423
106,CNP,4.369622301261132,-8.13570768270048,-15.534053628280153,35.86417976745456,8.259025030985152,-2.540411556909921
107,COF,-26.020081075586997,30.016685777532835,0.37584469551105676,41.57193708690092,-35.323897373544995,12.738456607830695
108,COO,4.043215119910089,15.280200692386542,4.755919281176882,15.09814895533031,-16.965455787666627,8.475217655098282
109,COP,7.921575994847942,-1.7826521113373845,-30.008418008588777,85.89906231869496,38.97397736244939,-1.255369150527484
110,COR,-24.06182869706199,3.948234923612893,16.294481379263264,29.484021031448393,23.193723151740777,22.91861869617638
111,COST,5.633179929338654,38.28767241019255,24.371535547127486,62.31077403255901,-9.022580034309003,30.116708981104683
112,CPB,-26.74416205544365,44.50494957176403,2.8611451310534552,-6.722808230353119,32.8258769520237,-14.160728479719504
113,CPRT,8.418423213441445,79.6168290003783,25.41888542109619,38.15033723661731,-5.779498043097195,47.12505494973717
114,CPT,4.429331879169988,11.96159991314754,-8.575740516955289,78.32512702680916,-28.678220786986376,-16.985800414945622
115,CRL,7.340665482316071,24.003564801854985,61.63798528313602,45.446831319836726,-33.9216437883552,-2.8160353971287253
116,CRM,20.244049527903183,7.021121328708473,22.061325083270088,12.666256265939671,-43.00391456180259,56.65893477174316
117,CSCO,7.479318505283776,4.282085342563327,0.691509625491047,46.31718704546606,-11.73817514905191,6.982913355724324
118,CSGP,-2.533873334548652,53.11972109774319,41.545806684082514,-12.16058708966809,10.14822512193329,12.182281999849371
119,CSX,10.91845826728599,11.6420658961619,20.460295681824366,33.01086410873879,-8.341064246867836,13.729591688615395
120,CTAS,0.866816217242865,44.89619721226734,28.033851847041745,40.56358393667925,16.553151230664806,37.21680878166807
121,CTLT,-33.00386830294827,52.450578856805585,70.3273359964208,11.282047269220604,-56.692005975784,-16.09710374359649
122,CTRA,-14.332808520853579,-29.035675472743904,18.217566850177615,9.685091638285357,22.704645303542172,6.722544897620432
123,CTSH,-17.726155700344968,-9.874486707149343,35.32307581144212,15.26530682744541,-32.012335073239385,15.133589530780878
124,CTVA,,,36.44004586099005,20.016762089964203,23.490490964634365,-24.765282671454912
125,CVS,-14.349101507775528,17.20644342403632,3.9085123015485412,47.62821186003971,-10.531288912762166,-7.6061191204271115
126,CVX,-9.862628667432384,9.381784019330517,-16.71169189470044,44.95399301789001,41.5941365586333,-10.917910328825384
127,CZR,4.804630634062321,27.927929549691427,24.238872799689208,32.87398720030591,-45.36380508590233,-9.95005794954385
128,D,-3.0924533429119463,22.231174135806235,-9.297394402314406,10.549896218064523,-22.085405211100923,-22.077610289516127
129,DAL,-9.899775658174589,21.5218854246625,-27.36299366405942,2.950472182795813,-17.20836299258913,3.394713954657342
130,DD,-27.586865646424215,-14.537796820200407,42.103176566506576,3.299603449110656,-8.629055423306795,6.1301133044590275
131,DE,-9.151251154795506,7.133277669728165,72.08567204672282,19.68234553076625,14.995736723324574,-4.507500541466218
132,DFS,-24.621052272094115,28.409839789884117,24.339692587069063,40.637676510879864,-13.687588678733356,-0.9370388938886411
133,DG,6.02253745365685,36.42795569620297,38.16929640860138,22.12120501082969,19.155493495543706,-41.10947402746211
134,DGX,-19.810061184827422,25.00561195621555,10.109815346538074,36.43253613452836,18.148035435092886,-5.228223554914513
135,DHI,-28.433340599490503,39.081649315286136,17.48591093468995,42.13511109543323,0.7997298590694226,55.421065066478114
136,DHR,2.3636147960869778,38.948758888635446,38.60598310359076,38.71227230007383,-6.830549102102065,-0.9245035536870734
137,DIS,1.7128961052778644,30.492897787964296,30.995582765780334,-7.896772321266424,-39.23200850090222,-16.775732871203903
138,DLR,-2.1750411151770113,13.5339836440645,16.183097164149302,25.77088985980329,-30.839928241949966,21.333275959473696
139,DLTR,-21.460869830587637,-2.8710097353373096,24.08407177466622,38.22545663042842,7.788447740915486,-5.413497150432688
140,DOV,-15.475471255831911,33.93274488156053,12.908972539142127,57.94473981083833,-19.133571337724682,2.756269043631259
141,DOW,,,28.160508101155674,14.220901592271337,-11.350659653861209,-2.610781767863729
142,DPZ,15.091498419289204,4.329190656827866,36.96848598383548,53.20838853650386,-23.12920108553074,18.080094243995045
143,DRI,7.077635429552305,6.865043490824735,3.413135971916582,31.945261490694215,2.487479401424821,14.823874871083515
144,DTE,7.124084857557721,12.78308536979841,-5.697887121265824,21.16075909817621,-0.31690971502588045,-2.734743696436529
145,DUK,15.092324712812053,8.428666179572678,-2.1181673372014695,16.01950013226439,1.8711022686923766,-1.1079236129606125
146,DVA,-34.059458635611264,33.67182852579318,46.9888537482277,-3.075743823697483,-31.09717054860886,27.151356854352183
147,DVN,-45.208982735042156,-1.5839903882255764,-23.225144237738146,178.8911476220042,28.619323242550433,-25.28949950618114
148,DXCM,105.8419269438291,55.10175663794657,53.57009396498572,43.24396517650085,5.222073010368873,15.8744986285755
149,EA,-37.84656262597855,16.554644709790388,33.06152237174537,-7.55736463575694,-7.378004247075262,6.976612385797947
150,EBAY,-30.82801233400942,8.931350462231647,51.884482680230946,18.988407829956643,-29.66408893265125,-9.81182193556203
151,ECL,7.925009280853899,22.90473204927999,11.126436198387402,15.468574122875726,-22.397636747453006,29.30908985702727
152,ED,-1.2874770119002072,20.665197204269898,-20.110581361877855,25.54978553069796,14.141438846556435,-1.122201621136463
153,EFX,-24.449672134848367,32.542998529698615,29.929046129316443,66.41617915260134,-18.29567061033218,12.124075125302815
154,EG,-3.6433283796152995,27.933115519674505,-13.541183866094968,32.86303307653205,19.59609380294345,2.9685795037753904
155,EIX,-6.60558979543721,35.96476251072916,-14.96522571563541,21.43432124992486,4.690176409622575,7.205784327412437
156,EL,-2.537495664646794,52.91583370587707,37.3413931673554,57.51495980727631,-19.632167837222905,-46.39150071178653
157,ELV,6.954335678910646,0.5531362286098159,22.308618515381333,57.53842789888027,17.259635779064865,-4.764719137730592
158,EMN,-25.084542017434053,0.7345267252912654,45.561685541540065,25.12952159689777,-29.85145375129602,4.950286364144219
159,EMR,-14.971560269058434,20.042945864146684,15.628854421721142,19.714323077457877,6.908549537251077,10.469460982795782
160,ENPH,114.99999620697723,261.4107758206496,456.6941582244908,0.323551586587663,88.62389773797986,-40.31077944026754
161,EOG,-23.678106746750753,-14.567148764024186,-29.50368933936237,80.39292896696689,23.537690425281994,-5.263228209362008
162,EPAM,-1.2512778163930538,49.957598295864564,57.074606409320126,94.07427530164495,-31.167307902830863,-10.614759719364878
163,EQIX,-20.75836615401146,51.10088697086606,22.949962682708133,16.08624222832306,-7.967230194710007,11.286878641352319
164,EQR,9.929667971395885,13.971187273404192,-26.35507221519966,50.30399990939291,-31.83109266926294,-0.6387496957335549
165,EQT,-35.854105968735574,-43.55480007016547,111.28311218087185,33.72164552328726,61.79454886461391,20.32387776417927
166,ES,5.789032426783571,25.215256418213567,-4.522917695010998,6.251426797308032,-4.196111375298467,-22.850855441702294
167,ESS,7.781455804855873,13.112120534039473,-21.139068793254083,50.11278780857376,-34.743609007820105,13.29411927791477
168,ETN,-16.808143445853183,28.553737751745096,30.099111692973825,49.743398120850834,1.2479680093005543,51.15785932984146
169,ETR,14.398044994957711,39.261220433960695,-21.41717115712209,22.660767158104356,4.368093101780958,-2.4263368860390115
170,ETSY,153.57142385098769,-18.93870448277523,264.4949777843323,9.97036841058889,-23.74586364715945,-41.08881961545146
171,EVRG,13.39133559173445,17.24404259987111,-20.32438077552773,32.2327397054026,0.4519328662382104,-12.889276021717464
172,EW,21.006481580011588,36.891213372543994,24.483766629224128,56.8781789528125,-31.67582170747252,-0.5866974786789747
173,EXC,21.093895987987615,-1.5321075986371335,-7.905183539760337,43.72959328145299,7.93561358282042,-11.842533457509202
174,EXPD,6.093329203368992,14.142833656590826,31.8884076807554,51.402880600291255,-8.129284179130513,19.010803896006834
175,EXPE,-11.078748449734972,-8.273398141091558,22.53750651649444,45.62449914807142,-52.206884345634016,32.79964062415521
176,EXR,11.394246998078513,9.781884880003537,7.558695670283193,103.43664718103993,-23.868996725717682,4.999937348448929
177,F,-25.251291464296692,12.698146844824734,1.3547725396485901,98.239151973645,-40.8415552431858,-0.2964517987255144
178,FANG,-25.908334269499488,-9.280687863269842,-32.60219205557757,94.24017322563887,15.695622212060423,12.011745484955878
179,FAST,-2.0908572874784848,25.471076715391455,43.53864960554908,43.584401664716644,-14.48833475351834,31.452634145466256
180,FCX,-46.62634448360261,14.781062526274654,135.28385640055885,56.07171586362728,3.8836898409921954,-3.18094022019382
181,FDS,0.8703323585421785,24.04189329490055,17.337451611066047,62.20413638473366,-4.096721036093646,13.821094523581253
182,FDX,-38.08202034422981,-13.851766385395148,81.78045457238207,10.77191932879123,-28.56604735866457,32.60835322387508
183,FE,18.99259361959639,28.48573186774829,-37.019901927483644,41.11362044294001,3.8629775149541827,-6.661179815723542
184,FFIV,12.10046098351525,-13.23392572576898,44.07140393413606,24.883904325093898,-30.87852910032379,21.210883982570714
185,FI,4.359556624041586,39.43084146618692,-4.004721335095794,1.0711836088900089,-4.380319193088649,24.521930969141216
186,FICO,8.305337677365966,66.37655317637243,27.004324853009297,-3.65243439578163,20.927701347338246,74.78939686598524
187,FIS,1.1028750185467069,34.241798257707536,-0.7923712379480358,-10.846902359352802,-42.56116163520902,-17.739456198779887
188,FITB,-27.64244404446923,17.693980692225868,1.1759270373568536,53.76160017474054,-24.595882924741986,-1.172838565663083
189,FLT,-12.602352366727942,42.56974614806492,-13.450503738967113,-7.7899088206423786,-22.907749135152745,35.34312947456449
190,FMC,-18.53858231615755,46.36474247324141,21.985067844738303,2.8837908528887897,14.65608388177508,-51.7208691275967
191,FOX,,,-19.259162831884424,16.12856112191548,-22.3858292926482,-11.349691338168958
192,FOXA,,,-20.242070584345996,19.767052813022303,-24.23198352249234,-11.260111690820858
193,FRT,0.17985637351506545,-0.637746632317373,-29.479343563870465,60.08333390752948,-18.179229550998162,-4.46898152776945
194,FSLR,-36.78725585539293,10.614743853899885,99.51592278277462,-12.092786363336616,91.10742349458404,-2.9954995165472798
195,FTNT,52.97567509120391,39.42796853858722,28.753461884814563,148.29013940972206,-17.760062813395614,11.826516256521117
196,FTV,-10.67527190210511,2.2500980499079923,13.402021682274254,15.895912364434395,-8.509659638707681,8.690308959105668
197,GD,-28.069069113424945,5.432932688578476,-12.68953412868605,45.872639283932976,19.605543174214006,14.043598836164279
198,GE,-51.92461592092753,14.591079103884654,-12.892938319510652,10.820660029017752,-11.01863112367457,58.96467984033379
199,GEHC,,,,,,11.353923229381389
200,GEN,-29.657712893069764,23.30666314370816,29.62548238862915,25.835805876440528,-15.911907175847698,1.7838893972999008
201,GILD,-23.635349407334335,-4.510579025048734,-5.146238295719147,14.253739009498323,29.628792956254852,-0.6674968998418579
202,GIS,-30.634225887791434,25.414278609545843,16.51133338342465,19.954085616291255,25.667736906659673,-14.358092564456172
203,GL,-17.358207592795328,26.656781803377356,-8.057968060297654,4.547062284405634,18.809317480385722,1.5192005088269191
204,GLW,-0.8986238109638254,-10.10020807835327,39.141744997442196,6.305582882539877,-21.682029226171995,-8.851148689162569
205,GM,-18.754808277983514,-3.294966217514254,26.229306872617297,15.686663653165647,-36.05763524336343,-7.668056092550296
206,GNRC,1.5736776067058837,90.04344560348395,119.5289233531216,42.81308986393967,-64.35299882373641,7.164185015223678
207,GOOG,-11.481790440700328,19.764947649015188,22.147771605969336,57.62526322229136,-34.61239267988338,41.113436267132236
208,GOOGL,-11.61035840252397,18.962775283902538,22.324437609180194,58.53691774385415,-34.79104006315374,41.329428993367586
209,GPC,-5.615760805292559,8.901462548143487,10.134522556532378,52.40480091558318,32.805201885893105,-15.348538770881362
210,GPN,-7.715599208106832,62.62578666140449,10.585441827255703,-23.157173665207353,-33.34808002616908,13.459233359056483
211,GRMN,3.123871160292057,43.890737837211205,26.001220503306595,20.145919771619276,-24.17906726411652,32.81036340071503
212,GS,-36.783348964646095,18.51431390234625,12.974667475426486,42.79683727978122,-0.6317313243106132,8.798701877150158
213,GWW,6.609670899392933,16.85634045187995,37.39913832313471,44.33219761335775,13.827798385458518,42.04842950460371
214,HAL,-49.896119511484976,-20.0916421162974,-11.853394386519984,30.528676761737046,29.35996990281823,-11.108955648557641
215,HAS,-11.772558722363728,19.691271415898626,-5.060961946981831,11.566522675332322,-31.686684466206998,-9.210380703420649
216,HBAN,-24.6178887286394,17.448256357280147,-2.3505516800457324,20.069072610591203,-3.188525111897156,-12.482296146992224
217,HCA,24.492996248956523,7.325976519779031,18.95609211726322,59.18772015949947,0.7566370511465235,6.8470873464045665
218,HD,-12.542173748729054,21.45277399329099,18.54988482298891,55.79900291421252,-11.76452445096672,9.878567769650129
219,HES,-18.762340491167855,25.286614100137378,-4.930075606433697,38.4944473590079,55.20057999074314,-3.1133138094165353
220,HIG,-22.647918440303854,32.35994322566021,-14.895445681332559,47.11389187201127,7.891795501528056,6.057099841219876
221,HII,-18.846658489767275,23.52687806197926,-33.154098266540025,21.485157317704218,26.017563864527798,20.454340485796656
222,HLT,-15.524082666972236,49.88598821775954,3.368031913887061,53.85146964566808,-12.623569387525507,26.002541918048962
223,HOLX,-3.7470778928112973,17.590083986915246,36.07997236197685,-3.9759258307671566,6.506264000303263,-12.191231981685704
224,HON,-11.891477414417668,25.740869250807062,25.65628087910108,8.549424670307591,6.970296397671418,2.8110886067427074
225,HPE,-17.99399092742327,4.0654989695192745,-12.004693698514776,30.90231443391529,0.16711852798896454,7.7138451597081765
226,HPQ,-10.732149209265748,-4.359329280938088,18.642982766405165,57.788409743043566,-25.203157473661154,6.0715573959813955
227,HRL,26.87211959660211,8.766990884170713,0.5946311361714487,6.419630079963884,-1.9833110952046915,-27.10616709463859
228,HSIC,3.7526433888848008,9.48262587318824,-3.017118882208527,17.737282575285093,6.069056453667084,-12.118400762036133
229,HST,-17.249434754035775,6.241469982855118,-8.84896828224633,28.339470503250997,-6.273441482585696,6.226823756613402
230,HSY,-0.1175747268075846,41.62970093165917,0.30767864903178527,35.72151026304971,19.636211767922404,-15.32963876167919
231,HUBB,-24.94342048668138,38.91114930151783,12.37592381630226,36.634632473777955,27.97471718855488,45.990956409046404
232,HUM,2.164344483044914,19.36626062706419,22.67025627155356,21.683908621313456,31.161509213321732,-10.028250276622677
233,HWM,-43.27930426761764,64.42945093172968,-4.646825870026315,29.665165479099525,27.1203144054646,33.50441400373222
234,IBM,-27.42118448074215,4.500011469029797,-7.8260673167668795,23.283171058962512,10.711526957705658,27.419831595666448
235,ICE,2.988218946384664,21.78153861707632,16.73221354403849,25.003922240634413,-18.135059806488382,20.829284649964325
236,IDXX,-0.5453320414268307,22.723003280804605,84.44705992575156,37.5574563482212,-19.582101070034263,15.515085909046567
237,IEX,-10.92849038564418,26.337622729623313,23.05037204905123,28.187352162416463,7.254190986659152,-8.353424183862229
238,IFF,-9.226951353311055,-7.461131615982172,-15.311889152747375,36.3300603119551,-18.81368473426452,-25.670270837298926
239,ILMN,28.92451575940253,18.56748993991051,27.55541443705396,-10.786980521678544,-42.033142393606234,-34.995327975280475
240,INCY,-29.57138165046558,8.350916568747104,19.036545395106476,-18.217268494842447,8.058654266394678,-26.250879298031176
241,INTC,-0.06034775816018929,30.184907583447114,-20.133304670845224,-4.8182670079583225,-43.713617513887634,81.96334406681567
242,INTU,18.27240978102488,22.325280924688098,36.5068240249822,79.04166118108657,-29.47185571259268,48.95524294896153
243,INVH,-8.9229141412199,35.955789168710886,-3.6359561585656777,56.741497488551396,-27.681945382667273,8.286016292861742
244,IP,-33.378564025387256,1.661742651276814,28.74189624885433,2.2719130975827144,-25.070401204739174,-8.741704278048294
245,IPG,-2.3125884985261655,6.057077364413739,9.098245727564718,60.93053991313767,-2.8685090484928715,-7.164164789092122
246,IQV,13.680394748551766,19.765910461029293,15.407406227984099,58.683920025752855,-16.33727868680453,0.8587250726889296
247,IR,-40.86177775923373,48.682633894497776,29.02858657783065,47.92390823831651,-6.892398745120182,38.28158889677649
248,IRM,-2.6099147269420793,-9.50535752010095,-0.25884324509223106,62.33563441705409,12.601539795887184,32.546722740374875
249,ISRG,10.945861468349598,12.892450360998994,46.14670336648218,44.173661689967425,-6.626077506360066,37.31123855233723
250,IT,-7.856428372284084,13.400549558950365,-0.3669587898806459,120.07767708823218,14.376126405839637,33.40922866540339
251,ITW,-25.756602894070106,33.548220305785044,18.83834461546122,29.10892966201894,-3.9909020835199946,12.855440217360053
252,IVZ,-51.50139042100456,5.579167032553981,7.106196906208627,14.757741574169206,-17.414657343819936,1.2512993241430712
253,J,-15.082762938807893,39.82745542320757,18.793610064728973,38.789249778712595,-7.075921216038994,5.9503571442361025
254,JBHT,-22.359406916656013,10.189891760681077,27.794841193187132,52.867021116202864,-8.620007294443166,6.6057404584986585
255,JBL,-1.32701806419559,56.72968082370544,10.404953837015924,71.06613739698811,11.496408712502724,62.56650164154923
256,JCI,-22.570382103092445,22.949562732720686,20.779794663286918,65.20319170560627,-10.180262642869407,-15.605490999202768
257,JKHY,2.6255683219985744,10.31124877804861,9.172435917712725,16.34432922086135,5.717082229178919,-8.033039699405514
258,JNJ,-4.081145754906477,12.700615245769942,8.590390618665952,7.510087823888776,5.224456126501384,-1.177154838362586
259,JNPR,4.9752328331418,-2.131254241162066,1.6311691421858823,50.560589909722076,-5.721866965636448,-5.954564206534742
260,JPM,-13.671198628316125,38.891131644335644,-0.5103370212751475,26.15725072982936,-6.909411951676306,25.15748676817439
261,K,-13.297574994641352,22.1113657711691,-5.265303167375586,13.711533995339991,17.186265068404666,-9.617251598035399
262,KDP,34.97384358749508,8.726135648436758,14.69196777396471,18.233572351369983,-4.0626239800875865,-3.204875779619402
263,KEY,-28.9422498803433,26.853756432634356,-7.509671082557433,42.02653924125686,-27.719168632383123,-19.686131393849752
264,KEYS,32.876712776165455,38.6517183299974,42.04753131772585,45.85069556327985,1.3327804184245036,-11.296352983635535
265,KHC,-42.712276320495626,-29.43262130188976,25.19846351233019,11.686999516727962,18.50582355311961,-4.6209720448625795
266,KIM,-2.8958514598811655,27.23097207995463,-18.190515549837997,52.970679538325186,-10.311421114299414,-1.5990997986613167
267,KLAC,-16.259354763696447,71.29459917909783,59.037249068147304,55.35078221623459,-1.8819777922286334,49.906530232329224
268,KMB,0.10684170885302381,26.483168987081758,-3.807694113247432,10.998367592802909,1.3214339883982817,-3.9107976587324798
269,KMI,-10.740348095749127,22.723299770435908,-29.76785907120837,20.153049976415957,10.760277933190677,2.8620090889089034
270,KMX,-12.105930883909739,49.14937051653001,-2.6586993061763895,10.570552791031801,-45.22802879144267,8.928319642296715
271,KO,2.9368956979803444,18.64497904804011,-2.882447448149769,26.84665763300778,7.346219361395399,-0.8656207943047812
272,KR,-7.708479457983255,4.738948883220021,20.76837826934484,33.86159410505221,4.28315349235649,4.8694987065209645
273,KVUE,,,,,,
274,L,-11.419711514657944,10.140195242979958,-11.940798229884365,28.12150579301446,-1.8183779208930335,13.648844594584073
275,LDOS,-19.696859605108074,70.99373466201035,5.814270136054603,-15.298439418179905,18.903562410646206,10.83399026425242
276,LEN,-37.334421495792206,18.02593315570555,15.996824145438001,41.17652934034135,-4.089780580263529,47.52319133919283
277,LH,-27.587391745299172,21.39935834931889,16.04903246632812,37.26356802332328,-12.346362493430082,6.420740548953173
278,LHX,-14.12481652643952,31.15798286481005,-13.062568368088973,26.720922635614112,1.3953790149873366,0.4787798582266539
279,LIN,-1.8510168199336128,32.53199946130064,31.442618500409246,42.757633753873804,3.570098392668038,25.433024135667274
280,LKQ,-43.54033830761807,36.155597902167145,7.800551411969936,71.8210416280623,-0.7422439947191738,-17.167715602850524
281,LLY,45.64529091799343,12.128443023858178,23.335472995238902,34.8301878145837,51.12272199762794,71.05031100464305
282,LMT,-24.314085757448332,37.8812256517136,-14.954638569522963,13.780271140109104,28.302787703754873,0.48978370609702804
283,LNT,9.735258242441489,26.765458348450206,-10.733562973344796,30.134704501480964,-4.948324115813009,-1.7377609222132357
284,LOW,-10.177714193583938,27.008782803920607,40.53109050900806,57.13676609464965,-14.495707967791734,9.100687183899241
285,LRCX,-27.837938101318006,75.36553617925252,60.570195356439996,49.62569942911585,-28.006195216556947,58.09882739412488
286,LULU,55.491627712466354,56.73499898212798,45.382012476142805,19.097608899233496,-4.008869993804318,66.6090981522784
287,LUV,-22.95050176791721,-3.9121144447508076,-14.897454074918596,-2.503417507652745,-24.776592693158676,-17.50687994892031
288,LVS,-30.698618143509442,23.064191490009303,-6.9223805812330745,-21.730090411847307,9.748852648338115,-15.96017443714262
289,LW,26.972995353518748,20.327663094316474,-12.59381812299472,-13.986699961132793,41.04465893420031,9.422203482838478
290,LYB,-28.731889708964104,14.175792863505174,24.554230846583476,12.2944503741417,-5.586935516184986,3.6479515011468595
291,LYV,9.29870949625087,33.56382631756233,7.805163452157565,80.12040321782501,-36.316321337467464,16.287738797732885
292,MA,12.232904340022575,42.21169923524356,13.586244914581187,14.161876637788906,-9.475812036220903,15.78854387798175
293,MAA,4.323090987762179,34.664202636496825,-4.5155935033791925,77.3873847464554,-22.012540323161524,-16.25717159335021
294,MAR,-25.426285847257773,34.11335583614906,-5.434142516744841,42.068634249949746,-7.021538633382956,30.834289277624816
295,MAS,-33.78148266707825,50.00850447879156,16.92692984967659,31.087849512845423,-24.702716230889305,28.570703648012337
296,MCD,6.3848644452579375,13.20009294058749,2.787106775983426,31.932121944947717,3.847439471771531,13.396750909352766
297,MCHP,-23.12740257761713,32.46250913398161,43.6635614929623,29.36136640607016,-7.833852656058111,18.470855397391592
298,MCK,-33.88618663823542,9.154130776065697,23.238080391722185,43.77258937899452,47.00145806224706,22.967464979519107
299,MCO,-12.508033210015398,51.30441802415834,13.960050211091893,47.78458965404081,-18.012748580501672,22.171719355784404
300,MDLZ,-8.314434850959826,20.886003642213936,3.669173891094695,21.56331736614085,1.2286355740122734,12.56219806666055
301,MDT,7.138116838527549,30.41872411019199,3.3601769102617483,-5.678803358290103,-23.26394865920136,0.9155141690576116
302,MET,-11.401926546792776,15.832160334487497,-0.9679429044314763,34.00225980962816,11.106206619671463,-6.335023441164979
303,META,-29.85713694365205,23.13275960995207,35.287998963753594,30.201689152112642,-61.58462855570788,137.60487920697318
304,MGM,-32.65887366137831,14.643561050250936,2.226785079119427,57.17711768030653,-21.492257231715474,7.896644457408826
305,MHK,-58.38610969172533,5.893324009899553,7.039797074780585,26.86628477192043,-35.25051980598034,-13.79310169526853
306,MKC,29.71442570510871,38.752378702366656,18.310657142319364,9.19284885010616,-16.267694765118783,-7.531031695120449
307,MKTX,8.615833643324027,77.75191673157849,61.92635670634221,-23.514748340712146,-18.22278229482724,-18.67075161571662
308,MLM,-23.997213633435894,59.708801910951536,8.731312000236544,54.239313892895325,-12.526928196432879,39.66259270384081
309,MMC,-2.6888604353393086,28.713087227343753,6.426966968893684,60.55653267711898,9.231279085124413,9.885681095372624
310,MMM,-21.918349899884,-8.954418910693892,14.268454550122991,4.331251260211871,-24.705030973374548,0.7377068805875582
311,MNST,-27.86164619805585,11.0237550202021,38.85886708070834,10.606931809574956,17.077948973849967,10.70330437515861
312,MO,-27.23934091532923,6.198322758323994,-7.606904599950498,21.60789232055684,-4.754310599732073,-4.521536975249464
313,MOH,27.211033761239705,2.0379055504105175,72.95274503093574,48.906879670151284,13.680800306856716,15.86762438411653
314,MOS,7.279324419734465,-32.56933235454414,17.09478339433503,52.249161039876704,10.933494589526735,-26.4095876741914
315,MPC,-12.591839687933835,-5.553739525965817,-19.723734586552975,54.286521744001725,66.43897260078181,18.14700058442108
316,MPWR,-1.7027934884430183,41.87112430241681,115.48786295388692,39.49179379688017,-11.770911940156628,48.796712372463006
317,MRK,31.989631171707423,24.669242735433496,-1.9944112447767985,6.984838076534439,39.62052330670738,3.5888522451812093
318,MRNA,,17.83131937621428,409.3612874445035,46.67359110429183,6.076887246714512,-43.513575867712554
319,MRO,-20.297095859330685,-12.748177197127566,-40.735430624583294,130.10879038345985,40.7647069023083,-10.606833806159468
320,MS,-28.332208773000673,24.362267752216603,35.0761817166722,49.89076068538356,-14.168384060997127,-0.48009074611314784
321,MSCI,7.198335211425956,53.42517229107041,57.53223279004297,56.04083231331034,-12.386322750410365,7.552376912437382
322,MSFT,8.75518883909626,53.24309456695189,32.04269214077347,46.20590273064127,-22.159901565767072,53.090799896066876
323,MSI,17.23605440098723,39.36317514861049,-2.6773013494566964,63.835478550982884,12.30486714192561,23.00388568262083
324,MTB,-23.444283155222948,5.821486970260225,-21.58952545810491,19.430774829166545,-11.997398046493064,-8.576029302320515
325,MTCH,22.40985689429229,53.50532442291206,93.28816170024497,-5.441155853811942,-63.185445606071134,-32.55727878720255
326,MTD,-16.24263114794106,24.307393550239475,50.51639831150951,45.29663525471375,-1.8490168635371032,-20.872587860768242
327,MU,-27.424532975757288,40.71168516830159,41.608615249589356,19.177484962397067,-38.91808984264138,42.31557619188396
328,NCLH,-30.21073721063742,13.571844255917453,-52.77622836443203,-8.432670550022934,-41.23859905929162,31.755429751917397
329,NDAQ,2.233030135507781,23.47808936285615,15.428279685433408,56.70597691134329,3.7683930911444765,-2.1924009686305794
330,NDSN,-16.36559202909554,26.64114697141628,19.77621391358056,43.508139935089716,2.9851116438516367,9.512967024748942
331,NEE,12.694707775554193,38.5722489912163,17.436123005070016,17.71657902467863,9.297564313631696,-16.313755034011372
332,NEM,-13.43428537326542,32.111367739147376,34.36998671626522,6.87384647731691,-20.605242821282562,-18.638165946455008
333,NFLX,-0.9766867369899482,-4.692192246180045,56.69245304326379,13.157644934273627,-30.96408794069156,37.591144813701845
334,NI,6.013162283414854,5.037362805480173,-19.144313952926392,29.20434505380729,-2.85644664412677,-0.7142667750703438
335,NKE,9.90556392538141,25.040267154651175,48.00768506290149,25.474973060490836,-20.371954699237232,-13.92102352300332
336,NOC,-26.953925755998178,26.816994539390965,-17.278226628727175,37.463583310588625,49.65756096556603,6.200395142699573
337,NOW,19.601000128736747,28.315608509219388,62.73836584478325,19.50622605595399,-33.71744177080924,55.22817275391083
338,NRG,52.84543096163691,-2.5357308318736496,5.445838341233041,7.49164308512363,-17.42932018555092,57.490728884384346
339,NSC,1.050081034419189,18.024233528418506,16.327777834083903,27.792502568552486,-7.60750015813359,-1.3901730629096525
340,NTAP,-1.3516526144861443,0.5246877744908982,29.32216907262697,42.04047856296971,-28.667931193023467,37.06777395945821
341,NTRS,-19.640245894592038,22.599086200518688,-2.214166049984506,36.675767498370455,-22.545229958149132,-10.518597087015506
342,NUE,-21.188393379508923,-6.052748165001705,15.514788692208889,137.40201170788387,31.64585326575603,3.9902221596297367
343,NVDA,-45.53600411565234,64.3261829260178,121.16786793625782,126.58698048545654,-40.261101360052685,153.56816106402118
344,NVR,-23.320966149077293,43.173304966517854,6.887403850083812,32.888715189145735,-13.414878827938798,32.83586708372865
345,NWS,-32.9015777646196,13.84224476449534,29.275889691450192,20.21878498704227,-16.231845893245477,27.222585821102875
346,NWSA,-32.72821059996964,11.840446093845877,34.12854942957008,15.972188520292502,-17.30638195056146,22.53890797664812
347,NXPI,-38.93288406737116,47.514959015171385,26.699215584974016,43.1456412653757,-21.897525863106818,26.648599170293817
348,O,23.86323954769985,10.951730120667861,-17.301974566954776,30.037272717051856,-4.8335312994902715,-11.129260176289279
349,ODFL,-15.456247802006857,40.10198494140939,49.613572358461916,85.2686647700104,-5.710562919943056,22.042849791186946
350,OKE,-3.4979329671144326,24.15097794229585,-42.84336753314088,58.67587123053416,15.0970947776759,8.613357169291639
351,OMC,-2.045993303087883,6.684870293851761,-14.371659519399959,20.688860190392933,11.489530511348342,3.087022797206515
352,ON,-33.26596450434955,21.656676881070155,41.38228976918774,96.92663051202437,5.711862596414857,13.72362457435871
353,ORCL,-11.075845200991537,7.273544816894104,25.5064187028329,46.539466203322036,2.462118720131398,20.994427547838022
354,ORLY,30.088021230982864,27.157199880748927,11.44299446497862,65.98819621654333,29.50211419975067,19.90661278020056
355,OTIS,,,,36.2550322285517,-7.006348129316844,10.512299823170709
356,OXY,-15.55520414153194,-35.417252584222304,-55.029520571491275,44.67263002680627,68.26922311888039,-7.039909115260801
357,PANW,19.307024607878382,7.648267367056592,51.3714923284422,58.73414736310174,-19.091612458002572,85.87998362161743
358,PARA,-23.323035472667804,-14.15977663038816,12.88297808114839,-36.86867299818159,-48.13291465153001,-34.924681456336714
359,PAYC,33.62068330910192,78.60226947757957,42.14545853376829,9.335333655846174,-7.45302926865626,-35.88005412586678
360,PAYX,-1.3254838290381727,23.790802891056543,12.317246714902366,60.2414200953211,0.6616344326106205,5.936745453359885
361,PCAR,-22.034942204580933,22.973918947107546,18.14411171227234,-1.7957420820718657,8.019991797953237,35.769842656275955
362,PCG,-44.025457679515625,-16.384614227145928,-18.080211815021205,6.21171695381908,27.130568203496214,13.396237749623282
363,PEAK,23.131390109134447,14.373435334773097,-11.584232177319794,26.15727178686436,-26.050406166644198,-23.73400004813645
364,PEG,3.0911186460668065,10.827671163602348,1.2327321565617804,21.300627720802343,-5.663692210388655,1.5952080060987153
365,PEP,-5.8610578578622095,24.031362219374532,6.7047690504757025,30.0323816139284,6.237687979343902,2.160934048364068
366,PFE,22.05562691450717,-4.2763404860298175,8.438826554521523,70.92048481987764,0.4063204737230177,-31.84720530678365
367,PFG,-32.11407886513171,13.28626046972143,-2.623651782061164,52.39516762633535,18.89779835511054,-11.894404192935529
368,PG,10.215056234948728,33.111508713609595,14.409014233472694,30.796656516209207,-3.195681045147974,5.534558089283404
369,PGR,13.883943839169985,12.191989333485006,26.929776333266837,23.869652254996936,19.793299022376367,17.16029475215946
370,PH,-24.689764916972145,27.36951777108032,41.76085950029487,21.79049189892231,-4.476351704732333,43.54628759362646
371,PHM,-17.5828781476076,40.999437994145374,-2.5190766369687716,32.495999066577404,-12.68492759360913,82.72467514014392
372,PKG,-32.30329277522336,21.555650759365584,47.67164326677692,3.3810661299180977,-12.807919592250089,17.346467798147742
373,PLD,-7.800290862059684,31.53376459442053,9.480442973621312,65.75971117987453,-26.763662168840057,5.343936106184198
374,PM,-35.2756740240268,15.893081697312075,5.16601982719619,23.851069972946153,2.4308404041845173,-6.0073875802749646
375,PNC,-24.190813196989385,34.28930803253475,4.475531341325487,43.46096415974687,-20.755323325396507,-1.9368417065519976
376,PNR,-19.86890725350167,13.44153215709443,25.96163683981043,35.73993399349631,-28.204095493944187,33.33185013294061
377,PNW,10.352410912754879,5.448845471650304,-15.014176012229399,-2.0147852750701096,14.596105625022911,0.7963836829094958
378,PODD,3.6456304194821225,110.86339672399315,31.74088524413552,-0.41544478703143384,18.705651067918346,-24.481417862873133
379,POOL,11.175802647324442,43.28865549570987,71.37079422006092,60.88929160018647,-35.86309372633728,4.677151157191563
380,PPG,-12.429699241682862,28.763124411007844,22.614523578591715,29.8391166801171,-17.983112261522745,16.915690125818656
381,PPL,-7.071388325851549,19.23401851912002,-18.75986168568891,13.405089340286718,0.846486153167529,-5.8704881261136705
382,PRU,-28.83885888537695,6.300437873265875,-8.787475494668017,44.925906572211744,-6.731274046980495,4.3377132007283565
383,PSA,6.423171556098225,2.7903940057724914,6.2774910753170055,68.09637788600861,-17.182420517470387,3.4551599526401127
384,PSX,-13.353552398412646,20.97204493463824,-19.34351103898043,11.934533647528548,27.828380843598676,38.12718223654272
385,PTC,14.061641686558064,-11.675906851023454,43.90038096488156,-8.848094057786161,3.2513321089290623,29.71530277291827
386,PWR,-21.797869817427753,15.558206869983723,84.66887804155185,63.009280088426,39.04213165718498,41.98581225493347
387,PXD,-27.962508982344875,6.95789232356425,-13.919636428604287,56.15328028838492,15.584283681091721,4.136802229237344
388,PYPL,-1.441635444600464,21.86795354389923,105.6370165979023,-19.516877727807323,-58.578573799326605,-24.641058464532115
389,QCOM,-14.247212755427693,83.33381905992913,82.35736479431091,18.722291369034924,-36.098030532470084,11.478096785643634
390,QRVO,-15.382468464831167,77.83048083161333,57.065939272441454,-8.479637803791695,-33.974358831857884,3.6351894120353165
391,RCL,-25.592806008430973,13.29674250199683,-35.572781744302645,18.30769465519832,-36.47345860928321,99.39944660457886
392,REG,-3.232410333987342,0.5953318785592319,-23.555835918650754,64.19038682097799,-10.159493203616217,3.824721134307199
393,REGN,1.8682684351686025,-12.53057036457086,42.95732433609323,25.34138300281608,18.55107024383072,15.797594097646597
394,RF,-29.27952151591192,16.520850166268804,7.393579451488423,31.086935915084172,-3.658514240863507,-14.834713480327794
395,RHI,0.5853047751566479,0.1031661812962281,10.036684321131572,67.85912745365371,-33.517551908403725,7.400637739196468
396,RJF,-21.854439375886326,13.039623250935598,6.358790762922413,52.68441016146612,2.321059107779879,0.14752234765421096
397,RL,-8.208996818180717,2.796526968265698,-7.699623177051775,19.0282190805925,-2.499426350445165,18.68156671268571
398,RMD,14.59629183638785,64.9314109554003,34.84915710928363,30.13986355556641,-8.239210006231797,-23.941514169305517
399,ROK,-22.160677481441894,22.365813074430292,33.4212845185951,42.509685196632454,-9.265687096496363,11.996637208144122
400,ROL,10.994532127534118,-9.798484195170785,55.947513068543486,-3.9299853920931724,19.872450047905787,21.65834893494741
401,ROP,-4.449348417182063,25.76465734989223,13.593049830076435,25.83401407558209,-0.5865423954974006,28.51359572988143
402,ROST,1.778504530289221,27.36784452947762,9.803188323448083,3.4240469216538436,20.031257093516114,18.1760834661092
403,RSG,6.413603985089061,18.45580674019403,2.8298182677204653,55.89629503258111,2.1152901298837983,33.53263407012503
404,RTX,-21.11325392500472,29.70351325643262,-22.18246744785096,32.096271161691725,12.519225251600819,-15.733599724134537
405,RVTY,-2.0084837035911836,7.292815993503971,55.16867948863589,36.710401540507846,-18.55723836210453,-20.519160525835208
406,SBAC,-7.2263542256321465,32.416374184957135,13.76504442629467,45.43093677144958,-13.867380944030664,-14.734647436479323
407,SBUX,15.988234904317661,31.451252709917433,28.712025142485253,21.82146445821263,0.8950338243993035,-12.03041719520415
408,SCHW,-21.245904676694895,3.3383217205456934,18.578864830907143,64.89396666886779,-4.861398498137557,-11.13406783913507
409,SHW,-4.868973094318505,39.732320715037396,33.60117331145214,53.92462441829574,-16.972812777648596,31.83143781406476
410,SJM,-24.19387824105476,2.4175134120223385,15.07884637666081,20.202998924418022,13.541923602400807,-17.290579365623845
411,SLB,-49.86189404671283,-5.242315761156477,-33.00104349624137,37.20685949932951,37.257373159617735,-8.669706329230872
412,SNA,-13.378701481418947,4.6290034855833415,10.396823432611038,22.49825780897759,10.446964281934209,16.125920194317214
413,SNPS,-9.037903780821773,49.11622841304259,75.74401727901986,44.25523758164826,2.8309206263838567,45.557589581492934
414,SO,2.6062838671028628,37.04921869773519,-8.94912336864923,21.291382734168565,3.820591631439946,3.6052045366489933
415,SPG,7.807265719877182,-13.978285847560517,-32.42134301643004,77.7231907039477,-20.190213456158297,11.038449271893528
416,SPGI,-5.175570574271069,43.88527057122953,12.849437824268579,50.03791674763447,-19.178660713476997,17.490794832571684
417,SRE,6.030763525896556,35.26509783485959,-16.06673036226672,12.425660125419624,11.85581151552595,-6.779763608212012
418,STE,18.965813581377645,34.98045027830122,26.938722885750753,31.156065554864508,-17.538450134815882,6.459741393406556
419,STLD,-32.99156996330957,-4.792841083078367,27.234808334483823,82.88363826906533,75.97261553080598,-2.1054384353265254
420,STT,-41.9305855135645,14.313582489774632,-1.1051702604446851,35.40522449722259,-17.91534423828125,-15.186688348303365
421,STX,-27.640045562109368,39.78421289208315,13.805654294482819,73.68524327286306,-50.90060675580562,25.95161446455787
422,STZ,-25.77074114602351,10.985158289490418,18.315649030518987,20.586805590032643,-2.210889730183772,4.418622813905982
423,SWK,-26.637370807768907,33.77530426585263,14.13936052174683,10.416786881684661,-56.98825916300581,9.842124236718822
424,SWKS,-29.969357161539413,68.17316833855416,37.12906496021671,-7.814741927192065,-37.80371649187411,2.507522609568807
425,SYF,-39.518031003844776,22.98627925075727,11.022346904270067,40.693419284023314,-22.457849875558832,3.9749499119753144
426,SYK,-3.8345535948667013,19.135284568783145,17.43289019877186,21.895818592359912,-1.4351935153376818,17.985892729046565
427,SYY,1.8921629448821247,37.03759636139227,-6.690349167155418,12.453917259541619,-1.5986451474028718,-5.589984356096724
428,T,-17.751338964401004,40.973065609967485,-16.53106748960871,-3.008677989910056,-1.823640747349928,-17.623956822198128
429,TAP,-31.510491280548013,-16.056818199841178,-17.758467933916865,-6.924814744248711,8.099036136612906,16.413079027929854
430,TDG,7.30490646861225,51.663074312994596,-3.7977323402438445,15.001445128153081,2.184394735280725,40.94043547000174
431,TDY,8.459045312258109,54.553566433985225,7.3741340074965605,22.374724152763463,-5.10642084988665,5.192570186256056
432,TECH,6.514196429618051,29.15250986346302,54.33121611977477,60.266705945038765,-11.925829338142076,-3.138337791954102
433,TEL,-24.505403840637342,20.863460807348194,34.06844514320301,35.87242401210417,-19.45694725879691,10.499408819435965
434,TER,-30.923500487320965,90.88605270762096,82.61949185910082,44.32123173773727,-25.615261647690634,6.705997934587055
435,TFC,-19.13670891260048,19.44218404972406,-2.976870542060691,25.95044682245306,-30.997035884727698,-25.248028699746634
436,TFX,-6.43144143756431,38.22541627441651,11.211171038000582,-12.69532289231991,-19.523516903170762,2.432009782875993
437,TGT,-9.202969447796894,81.22490910176447,62.63244077457664,29.5015995831857,-32.0936786782653,-17.265017617102608
438,TJX,13.225561530018146,24.833542720579814,16.094845450720012,20.31439911007992,11.011388813433049,14.598090470489266
439,TMO,0.08449299731446236,32.50829692203552,49.0098365982527,31.11819716948424,-5.265781179142965,-6.932835003890612
440,TMUS,-2.288783254521647,12.64003888996588,70.28665481263619,-8.010785475443551,29.42590586101425,7.380620489352266
441,TPR,-26.742218834401783,-27.704882436543617,22.304445914254117,29.194889350363095,0.9529118391200517,-19.22316958568721
442,TRGP,-19.181098972111073,3.8313070367834134,-24.472715847943682,92.9062953229401,25.16629651254795,15.795796632591347
443,TRMB,-25.37414742378174,10.701005830125634,57.03197536272594,32.28644757537832,-29.933482805739303,-8.370651903889343
444,TROW,-15.797770826424488,33.14333404755622,16.202083853305897,29.129889729057673,-29.379004901230388,-7.5384207841290785
445,TRV,-18.752885393055617,10.93371073140627,8.88444095674594,16.693804912589204,12.823452735949298,-0.32963041027557155
446,TSCO,11.114710485789697,10.925493029228921,53.13595979198125,69.32597781106978,3.050709420818829,-5.684462652577011
447,TSLA,-6.0709549200131265,36.25496185069844,442.34745748177033,33.174547941589374,-60.54957591668067,43.44763536339297
448,TSN,-28.445014074170004,50.61654571909029,-19.950432798872654,38.75239259766107,-31.171522033681555,-18.250950570342205
449,TT,-2.1032381908154774,34.702990980133755,42.556188008153875,42.34142984152733,-2.473317477201831,36.16569927713274
450,TTWO,-18.73371443164413,15.992417589169225,66.71212636686688,-11.339484197352286,-36.2495410872845,42.14430113622926
451,TXN,-11.59643225708845,30.996661419440063,40.041089490659175,15.711719770033685,-7.95030577510591,-3.8090399775780797
452,TXT,-21.513394767896962,-16.113472326958412,5.409286596453566,70.73212842702614,4.025867751178151,10.391214623722128
453,TYL,-7.786207935252029,58.58131251231978,34.86159135295039,27.238109069427903,-31.95229802264381,29.54116223595893
454,UAL,23.45916209628584,0.9396123826817722,-42.179146744054016,9.477361694812975,-12.08022429138308,-15.72712603538724
455,UBER,,,40.53457898420365,-17.671313461754234,-33.877009269305994,99.06239601465889
456,UDR,12.202811468640054,10.016879522468956,-16.696529789226897,61.039223975431014,-31.441774339404926,-10.096264901748931
457,UHS,-3.7578211487922384,8.569286636780674,0.4411015246318635,4.587913909611057,8.476732589342307,2.854055418609792
458,ULTA,10.238626568869352,-13.284465694122764,7.185248679358118,47.3906140778796,28.957502589136435,-4.663793040999696
459,UNH,6.630409571949679,10.21714977089323,30.36278679687479,52.15087590069384,12.190783261460284,5.464846677277118
460,UNP,5.735243953840664,16.18364078679748,18.533263419766264,29.408572588079174,-14.911368072316314,20.289922219708025
461,UPS,-20.89984107529765,14.9599089222224,68.08517890313655,41.259372744653646,-13.405306709513113,-15.116342193942566
462,URI,-43.38799711017358,33.13907187314667,70.91163644296707,36.73923544555056,11.027120720036395,30.041947394465378
463,USB,-18.486933131904458,18.522205528117304,-9.318717367648828,34.07488294233019,-25.055848703294625,-13.092370597691833
464,V,6.913854958208035,40.06792101601259,10.607788672383515,12.828556230114192,-7.990444243864507,13.092393254264604
465,VFC,-10.587200601027357,27.895905386934906,5.1242694356773555,-2.9117899583253233,-57.65986658796648,-39.237236869578595
466,VICI,-11.580104436928023,23.472125419798832,-0.23242306052619482,23.279482754788987,13.20754918170281,-6.729084622216627
467,VLO,-19.295698781739922,11.206875230579298,-28.5664363233091,40.601628771447196,54.64971934746088,-7.162750029802749
468,VLTO,,,,,,
469,VMC,-26.317588289921517,43.00929440248539,5.8806869621402535,41.70858462883708,-7.785927883284526,23.825883510345438
470,VRSK,8.985518213905037,27.867468838280967,28.402780194664455,25.068167769012277,-10.04946016579355,31.39337116009021
471,VRSN,29.037587581693014,13.82996857827158,3.9684801244631585,30.78785888856076,-5.40564998171868,-5.544598105334978
472,VRTX,-0.6951449854754831,14.687545308396018,4.091606765587705,-4.138290401503712,18.815056635815306,25.93314978709007
473,VTR,9.431164408144172,-7.320017945829349,-10.818577432221044,13.665219601600596,-15.032065544873236,-3.802357013097274
474,VTRS,-36.056007143156215,-32.88815225448162,-12.511673830442266,-19.799035636976384,-25.65130316694403,-10.937499509830218
475,VZ,8.911968826859159,16.234737238534493,3.162209079804719,-0.7944494972847709,-25.089798544467584,-9.309595766888133
476,WAB,-12.841143354193346,13.219637434944481,-0.17448762663609005,24.8058779906283,12.456710046020076,22.242562865154106
477,WAT,-12.504061331825264,1.0509439767115059,10.559008709830788,40.77907855067628,7.0161163931219335,0.19782836466807696
478,WBA,-7.030239793984146,-15.832882794263192,-18.109368032236347,5.693020345091173,-24.91961038876412,-29.16440537708789
479,WBD,-1.316314031604014,15.362940967692484,2.836636764229352,-43.167547184547,-66.03368113914433,-23.211873490015638
480,WDC,-57.593021513516554,45.56427855644733,-13.647117622899588,15.559097522265244,-39.02203669585296,19.15812974466526
481,WEC,11.450469216800107,29.97261775626134,-5.37176440132571,12.483042951914298,-2.6099230282039723,-10.447919904262013
482,WELL,22.616097581732443,10.207657922157235,-20.24060855803831,46.07020742358793,-23.78191285374562,20.162576051204788
483,WFC,-27.90174699680063,14.414439029688022,-33.12031373378005,62.76386844194821,-22.90819566837107,5.013873143529555
484,WHR,-39.11191870002238,14.763653731513065,27.69394902165047,29.94674511864361,-32.0869041090592,-21.736615779190736
485,WM,2.784073514579278,20.790725646121587,-1.70367352005699,51.81634563416224,4.28077794263166,15.750023297931982
486,WMB,-27.09744732763172,-8.0431834555793,3.369335300625973,28.73058206081755,9.886442682104171,8.033498814355708
487,WMT,-11.028737261124736,25.95782141047998,27.541785598433588,4.2077433493813166,1.4162046792893013,9.578090809047813
488,WRB,5.441260318930778,40.173476763416005,-8.88206155680824,34.99924616949418,28.822487573171934,0.8269202111517079
489,WRK,-41.51325986014455,10.64995915391211,15.121684197915048,9.03747828535334,-23.42628979626221,5.810394194116559
490,WST,-1.6027337660965542,39.55352352495867,82.23664894266001,56.91621521983205,-40.11962643468873,32.57529631981686
491,WTW,-5.365489215962403,24.049395398929853,-0.2887030288866962,17.024737674245983,4.539235259202117,-5.110352637161019
492,WY,-39.38265100517973,19.880599047667207,17.226273644262864,35.8279619958555,-20.20927815120745,0.9875113260942352
493,WYNN,-39.09641658128101,16.58769603064447,-9.815476948751037,-14.558422627835476,-3.487414668187843,-12.089925562608958
494,XEL,10.753350184225601,23.75898473908796,-1.7595321043597696,7.2935746454344805,0.6459904171480216,-9.975275745990517
495,XOM,-18.652963655488286,-0.21547806853306428,-28.345223477271226,44.854227381289995,46.81777768299488,-13.817773023116454
496,XRAY,-38.43617819029678,35.60188877683344,-5.792330014501146,4.652655842145735,-40.39685278181559,-3.3668249166939765
497,XYL,-6.571883045028956,11.969674041005806,26.29971782336331,25.33836435599966,5.632837933103476,9.950964581814784
498,YUM,10.569013522988966,8.972351576421685,4.612757179456254,39.11482796162465,2.7998767212380735,0.11494074138941154
499,ZBH,-17.881240700413787,37.430115473956086,4.866525048070224,-16.93888804977986,6.750937985153721,-4.429087130396146
500,ZBRA,29.287098889983838,47.14285337587511,60.79406731754745,53.46931202188661,-49.6366267046554,-13.552409101184045
501,ZION,-23.095934319403053,12.142288117932095,-0.8972624256654257,44.88634872030738,-27.51400756617251,-17.475547295321505
502,ZTS,12.146309065063205,54.58851880344727,24.02069276924248,59.07594507428807,-26.530174964235837,19.26399695801588
503,^GSPC,-11.224549610654238,19.477087112903817,16.4485120419506,28.32181518460512,-14.971594466430346,17.005101404655978
